,OBJECTID,SUB_BASIN,UUID,2020-Feb_26_06,2020-Feb_26_12,2020-Feb_26_18,2020-Feb_27_00,2020-Feb_27_06,2020-Feb_27_12,2020-Feb_27_18,2020-Feb_28_00,2020-Feb_28_06,2020-Feb_28_12,2020-Feb_28_18,2020-Feb_29_00,2020-Feb_29_06,2020-Feb_29_12,2020-Feb_29_18,2020-Mar_01_00,2020-Mar_01_06,2020-Mar_01_12,2020-Mar_01_18,2020-Mar_02_00,2020-Mar_02_06,2020-Mar_02_12,2020-Mar_02_18,2020-Mar_03_00,2020-Mar_03_06,2020-Mar_03_12,2020-Mar_03_18,2020-Mar_04_00,2020-Mar_04_06,2020-Mar_04_12,2020-Mar_04_18,2020-Mar_05_00,2020-Mar_05_06,2020-Mar_05_12,2020-Mar_05_18,2020-Mar_06_00,2020-Mar_06_06,2020-Mar_06_12,2020-Mar_06_18,2020-Mar_07_00
0,1,Ravi,20f30b79-b0dc-4c5c-8c46-ac5e088f03ec,0.0,0.0,0.0,0.0,0.008357070951853602,0.07238161773510804,0.23331563340216915,0.35223286942253496,0.7353297499243712,1.7270524948866277,1.6655454739394089,5.163470629104171,5.217731424388039,5.417984503538985,8.29750636086073,4.7177145591858,3.2083612652459013,2.04674014846252,0.21695511304315063,0.060300268654078164,0.0,0.15530998992910983,0.029732275941122766,0.021081282783076964,0.0,0.2504986709791125,0.3544724157664985,2.135123287683266,0.7449085750313684,0.5381553641417223,0.0993310782671042,0.02919564619459395,0.0,0.28986738498886183,0.17208719920510815,0.5285492689400868,2.273295907173771,6.695539778315786,19.101777687146,7.252797495250776
1,2,Sabarmati Lower,0e0c0ab6-2464-4402-8665-a2c52c969e7b,0.0,0.0,0.0,0.0,0.0,0.0,0.0,0.0,0.0,0.0,0.0,0.0,0.0,0.0,0.0,0.0,0.0,0.0,0.0,0.0,0.0,0.0,0.0,0.0,0.0,0.0,0.0,0.0,0.0,0.0,0.0,0.0,0.0,0.0,0.0,0.0,0.0,0.0,0.0,0.0
2,3,Saraswati,6e0dcc69-173e-4baf-ae8a-9f0bbeb245cd,0.0,0.0,0.0,0.0,0.0,0.0,0.0,0.0,0.0,0.0,0.0,0.0,0.0009809782665658726,0.0,0.0,0.0,0.0,0.0,0.0,0.0,0.0,0.0,0.0,0.0,0.0,0.0,0.0,0.0,0.0,0.0,0.0,0.0,0.0,0.0,0.0,0.0,0.0,0.0,0.0,0.0
3,4,Sabarmati Upper,15d7af1b-ce7d-4e75-9c1f-a1da71c1a7b0,0.0,0.0,0.0,0.0,0.0,0.0,0.0,0.0,0.0,0.0,0.0,0.0,0.0026099912869709907,0.018992034987834194,0.0,0.0,0.0,0.0,0.0,0.0,0.0,0.0,0.0,0.0,0.0,0.0,0.0,0.0,0.0,0.0,0.0,0.0,0.0,0.0,0.0,0.0,0.0,0.0,0.0,0.0
4,5,Shetranjuli and other east flowing rivers,7f1d13d8-d156-46c2-ab69-16a0366fc3e9,0.0,0.0,0.0,0.0,0.0,0.0,0.0,0.0,0.0,0.0,0.0,0.0,0.02087997404270801,0.0,0.0,0.0,0.0,0.0,0.0,0.0,0.0,0.0,0.0,0.0,0.0,0.0,0.0,0.0,0.0,0.0,0.0,0.0,0.0,0.0,0.0,0.0,0.0,0.0,0.0,0.0
5,6,Shaksgam,29d79f2f-ca85-403f-a61c-04c1bf3b46f7,0.0,0.0,0.0,0.0,0.004166678796686259,0.15842002823495588,0.09702876081579619,0.5072174486943627,0.2541408325458852,0.8745460803320025,0.7841390385964466,0.34494050777929375,0.13423787391008582,0.8772842707194772,0.9599828713665541,0.5136694239693957,0.6629530903874798,0.5410001519063388,0.04590337242735592,0.01590925735022224,0.009587028101809246,0.07535822238263137,0.011999959312616302,0.012057395831008188,0.012182502945800788,0.09851495364055295,0.09146112618247298,0.22525587806542138,0.3651376683315274,0.6424192837298319,0.6613312348970939,0.7609769357745627,0.6215215127122861,0.6781702937107473,0.6591991857387018,0.6088014337853093,0.4211499051747183,0.5838743668735088,0.40170924006697767,0.6169478726212213
6,7,Shyok,1cc7983a-bb2c-4570-ac5e-2020fe268025,0.0,0.0,0.0,0.0,0.011351906622268801,0.2605187936259874,0.31102556790009306,0.5374460412242931,0.3950959505943689,0.8776019148655926,0.6041945325424257,0.37859588828914065,0.20430336666778542,0.5032230561918212,0.5394657618163584,0.5917106184789086,0.8249419614983059,0.6130800183233267,0.24393337095305417,0.11031610042997823,0.0348465421519068,0.03280718063998419,0.014688020550669438,0.033344966269435915,0.02048831588259311,0.06373050267329056,0.12265821390076152,0.18759659984795765,0.3615846990798804,0.4915964640944336,0.24324021862130984,0.2064299004006508,0.14290162602809392,0.11186610328575992,0.23615625679900637,0.2526287349804408,0.22420471567085143,0.4672236836789798,0.5683920228026687,0.8645453279629758
7,8,Sone,71a9e8cd-0b3a-46a1-bdde-76f8163e96b8,0.01858967996296954,0.02605826376055012,0.0005980064764996637,0.0,0.0,0.0,0.0,0.0,0.0,0.0,0.0,0.0,0.0,9.644280694011683e-09,0.036331376760246406,0.1310397641023509,0.12894121748286955,0.0039589169738245234,1.2295058581727174,0.42476772553218317,0.06630924957428025,0.3436959698315305,0.06634176705851347,0.0188181716523277,0.0,0.0,0.0008175557258706437,0.0,0.0,0.0329973030743621,0.0014968339338783034,0.026106252081022283,0.001365343717117876,0.04014337446464916,0.1859141230274451,0.04822439228900932,0.00598407004221767,2.417680008533198,0.9440560648208463,0.23522949104024082
8,9,Subernarekha,b9bbb5b1-9bb4-4c51-884d-1e8dadde3682,0.012749486054204394,0.0,0.09786973834598511,0.019245863254170555,0.0025168090967244926,0.0,0.018230944473075036,0.004222936511545347,0.006014666858174078,0.0,0.0,0.0,0.0,0.0,0.0,0.0,0.0,0.0,0.0,0.0,0.0,0.020377784740037895,0.5355777826169325,0.0802178101354889,0.0,0.0035649247651989378,0.011513502191599871,0.011323672652716117,0.0,0.174112287136958,0.08559095701993785,0.2509130726726866,0.3951158734471229,0.3495399729483228,0.06497190950492,0.4289559652338429,0.3624507842342194,2.6475627894596343,1.0968388270141833,0.8207615684690066
9,10,Sutlaj Lower,8a79a1f9-7b9b-41ab-95f3-8a6a9b3cd297,0.0,0.0,0.0,0.0,0.0,0.0,0.0,0.0016818137798016945,0.17462397971381396,0.0,0.04708376016819976,2.004925094240276,1.2571453140071565,0.39054434752137485,3.6571087981972474,1.480307637636241,0.6581664337845812,0.08521410564543168,0.0,0.0,0.0,0.0004328301564677603,0.0014855036464278268,0.005764945481152698,0.0,0.02747285543854754,1.25219362469534,0.24740296734683695,0.006545365095663588,0.0,0.025839798699767304,0.0142336586892281,0.0003765748310162387,0.0,0.06160009804209775,0.4289138386145047,0.7903658271208426,2.265839212337247,8.064986350556223,3.6095244478714488
10,11,Sulmar,21be6412-5e44-4515-9a02-a9ea9c267701,0.014273068521650799,0.0,0.0,0.0,0.0,0.0,0.0,0.0013428224559246269,0.0004854009994349862,0.07292900615725025,0.11211179297561345,0.0065490686872779315,0.00239424555131965,0.024493529575766736,0.038601982583086725,0.04654030244788859,0.17675206418146494,0.10761711007568392,0.04328667616007013,0.0064865945646742085,0.0007500311246653593,0.007249435512038703,0.004767649858608306,0.006338473901520315,0.0,0.004769961082308814,0.0017311004482175542,0.005596986227209189,0.005577696308916699,0.1211158118570918,0.01524828339922897,0.0042899713261712906,0.00515594693690154,0.004244367863133888,0.00509743479849684,0.010000304992726007,0.009011924633986574,0.060520497322667746,0.06165268568603412,0.20656992615370273
11,12,Sutlaj Upper,547cdfcc-b320-4ab1-95af-86eca3211864,0.0,0.0,0.0,0.0,4.4736073929064146e-06,0.10725793489482953,0.252589053440006,0.25856925609968273,0.14004207187161458,0.783056949742067,0.5994384493847179,0.575151930439621,1.2840654196445414,2.7954573947454033,1.439764569063698,0.7975212670527888,0.5575795869231881,1.1908310782109535,0.26845361371093013,0.07205516704456819,0.001132149215629103,0.3721411701468129,0.41333743437539094,0.023793875527027157,0.0006719269486069396,0.19553168012479333,0.1586609866892114,0.3826932756013968,0.4852122095330641,1.051291345444627,0.2717233781319511,0.06161258742764722,0.0067158130601662,0.0792435112097316,0.06094453345091395,0.05245967400213007,0.2971645967689876,1.6598230314246427,0.787782000442999,2.359828938593953
12,13,Tapi Middle,61a1ecb4-0511-4b72-aceb-5e2c7312ad2d,0.0,0.0,0.0,0.0,0.0,0.0,0.0,0.0,0.0,0.0,0.0,0.0,0.0,0.03426471299414988,0.46075700987324225,0.18400588148188052,0.0,0.0,0.0,0.0,0.0,0.0,0.0,0.0,0.0,0.0,0.0,0.0,0.0,0.0,0.0,0.0,0.0,0.0,0.0,0.0,0.0,0.0,0.0,0.0
13,14,Tapi Upper,74baa857-c043-46c4-aa82-edd4f1e7f1d9,0.0,0.0,0.0,0.0,0.0,0.0,0.0,0.0,0.0,0.0,0.0,0.0,0.0,0.05210837576903474,1.1218648030880645,1.9752098260232624,0.44013995784410687,0.0459261998261342,0.32324730023786985,0.007643783729976268,0.0,0.0,0.0,0.0,0.0,0.0,0.0,0.0,0.0,0.0,0.0,0.0,0.0,0.0,0.0,0.0306877664189404,0.0647398647762929,0.04871346695674427,0.034936794943282466,0.013462294494833481
14,15,Tons,58fed4e2-8bbe-414a-9dca-ef5850e33627,0.0,0.0,0.0,0.0,0.0,0.0,0.0,0.0,0.0,0.0,0.0,0.0,0.0,0.0020698513198747683,0.5074991957047216,0.4381289867354434,0.26537398830943926,0.0320896970852411,0.491584370701542,0.017736768884984835,0.022729562457855606,0.088422722242355,0.0037127448262952822,0.0,0.0,0.0,0.0,0.0,0.0002101950412044706,0.0,0.07897220332256603,0.48551027390668045,0.026041917066282425,0.4344223997204087,0.1538534582215979,0.4155549179075994,0.6292413452880509,0.22189127140344972,0.24946361124521285,2.1040202456358448
15,16,Tungabhadra Lower,f02cdfdb-2a7e-401d-9d02-a2a28f736fc8,0.0,0.0,0.00942798411171106,0.04126669471332731,0.04802345526020623,0.00151495370583377,0.0025508625537334203,0.0018765046008075907,0.0,0.0,3.580926654892587e-06,3.0245037361068644e-08,0.0,0.0,0.006056663039898127,0.011873050316718581,0.0,0.0,1.0379839516344937e-05,0.0005099417557123353,0.0,0.0,0.0,0.012544850988663663,0.0,0.00010179925449601221,3.429701468087244e-06,0.02289619010129195,0.05969597077550442,0.00017104775988219665,0.0,5.9843632506026026e-05,0.0,0.0,0.0006830808698760365,0.031407353009823884,5.722491667170181e-05,0.0,0.0032207259133958575,0.4648203842298279
16,17,Tungabhadra Upper,49664579-1f3a-4966-b506-bdf65c4c8055,0.0,0.0019855562663650297,0.09385444465598206,0.13263247814164422,0.0339501554484556,0.28511459936859945,0.08615372946182975,0.017668112397563586,0.0003776147312403978,0.0032738592655790827,0.08124047933988807,0.07135603929218037,0.009055844930109573,0.02438951365093918,0.13958443261378253,0.10333036009378375,0.001587587226437812,0.020525460862524266,0.03817556396696297,0.02582682197865504,0.0,0.0,0.0008765275262091901,0.04831200887558698,0.0,0.03401529867990816,0.02244486255738706,0.0005846748467357608,0.00964983807292042,0.0003909412634993302,0.0,0.0,0.0,0.0,0.0,0.0,0.0,0.0,0.0,0.0
17,18,Upstream of Gomti confluece to Muzaffarnagar,ce93c3e3-d14f-46cc-8541-7f3b37e8fb64,0.0,2.2310568282580286e-05,0.0,0.0,0.0,0.0,0.0,0.0,0.0,0.0,0.0007150523014202963,0.5157504077041892,0.23178189590284387,0.001558442444028499,1.343320628318845,0.3850403649139207,0.03722443620417866,0.02624866806171607,0.49518735706744627,0.17202489825830453,0.0,0.04155111643078397,0.07321976050694169,0.21381884220914665,0.002518312519003278,0.0,3.517010389183576e-07,0.09558695463348696,0.04775253861530481,0.0,0.2829863990060529,0.22134266589572033,0.05956817420956934,0.10663789171596438,0.2572783970252815,0.31685519053760186,0.22754189954095186,0.1045444776504815,3.660972716134098,2.780647813791695
18,19,Upper Indus,c9a01b93-dfd9-4374-b603-a36cda7bd612,0.00021409456260741648,0.0,0.0,0.0,0.03932271472395861,0.4299700128544164,0.31228296343482215,0.665853031293281,1.144139462510174,1.3921412578158838,0.9844367850909089,0.6142177844173449,0.8469458201860126,1.5439958407287988,0.9692104930664892,1.255796098831982,1.131912171192869,1.0462971476462741,0.29409970386437156,0.07301729305542233,0.011460941676230999,0.033833506165728326,0.023569432464144866,0.030483524477955645,0.010857280579347406,0.277828497207269,0.36294401570970936,0.6506102016992418,0.6269802974261898,0.5350829905095748,0.11887923252528688,0.1001082197970773,0.04699617572074018,0.07409145002130388,0.10830874271955478,0.1284142245527334,0.3836387547815696,1.05367918513718,0.9877214688556875,1.3547689130425773
19,20,Vaippar and others,5767c8a8-9dac-443a-9bb5-1f6f0ead1b0a,0.24936723249898257,0.011364308498277869,0.0,0.010402410278054533,0.05227772856658614,0.0025336735303618145,0.16311563643846688,0.10305302062255506,0.07391898045736238,0.008428670271717993,0.037946089726697704,0.06796535743261771,0.07665543373740374,0.004312137332022996,0.004522799730439465,0.0,0.00034273806339833247,0.0,0.0,0.0,0.001073323432443415,0.0,0.0,0.0,0.0,0.004526810582862186,0.011123208267595597,0.0045485672677231985,0.0,0.007564075519934096,0.01988468572203907,0.0034650593376919017,0.0,0.05960573726571788,0.6108457245475175,0.07065723027604552,3.5784919290320835e-06,0.058965901852527404,0.01859393176371118,0.027294583345374948
20,21,East flowing rivers between Vamsadhara and Mahanadi,cf84e615-179b-4cfd-acb9-27aca174e2a2,0.9717143563089325,0.40369772181027647,0.5854972837167212,6.304536368732252e-05,0.0,0.0,0.0,0.0,0.0,0.0010040964634462205,0.0,0.0,0.0,0.004019114956905343,0.0,0.0004981323798652867,0.0,0.002513214824266659,0.0015062985927219517,0.007527172387370712,0.0,0.01608852459692905,0.00011467553164293937,0.0,0.0,0.0,0.02047523485259741,0.006089859655698396,0.022282039395835403,0.16638946766114546,0.7616715101163649,0.10350206337932848,0.042453925146816396,1.8796816090399728,1.6603331523176963,0.9272783916130194,3.4311040362495757,2.2031914362150835,2.433578024971593,2.6862438881642343
21,22,Varrar and others,4a6b386e-8fa4-464f-a8ed-1b70db684072,2.660535753240251e-05,0.010634867332913755,0.011377794307570254,0.04403625150168652,0.019252344144106606,0.3588478147449896,0.2667890956043334,0.08263291299410543,0.0020840681617853617,0.014043080452554847,0.3244505548103436,0.09685537119316959,0.0023221618325668285,0.013499167686628427,0.41672826597504964,0.18160329487555454,0.0,0.004735210717940366,0.0014418629804785687,0.07088473798069023,0.000596150253714725,0.00417674512325926,0.003468326952134646,0.012038970432126681,0.005975403322612782,0.09884190019496646,0.03130748292758365,0.021440145260409688,0.0,0.011549929094252186,0.014090868828440144,0.0068817298576265016,0.0009668947030178938,0.0026201154907157915,0.00407167537306549,0.0,0.003157232832040432,0.012067342349628958,0.0009017799917756354,0.0
22,23,Wardha,a9d85944-2667-410e-a38e-6b7d6dc62b32,0.0,0.0,0.0,0.0,0.0,0.0,0.0,0.0,0.0,0.0,0.0,0.0,0.0,0.005616887291685459,0.30552842601499125,1.3788370857665662,1.395018980607297,0.04898359288756833,0.8356780457515989,0.08424655479844417,0.005826408286937254,0.00010799868710993597,0.04056961319487865,0.002617072810093723,0.0,0.00030918522811142267,0.0,0.0,0.0,0.0007073975479422366,0.0012398254775203598,0.0,0.0,0.007379200606857761,0.06904159721636328,0.0846219907463896,1.393426388080492,2.400338946992325,2.7264010071178624,0.29444930052525775
23,24,Weinganga,1a25f963-81ae-4983-ab94-809176c11484,0.0,0.0,0.0,0.0,0.0,0.0,0.0,0.0,0.0,0.0,0.0,0.0,0.0,0.0,0.029426021675917857,1.5549245224460189,1.3271985009238352,0.0761164710746933,0.5212870468916097,0.48741890502070906,0.011433677748169738,0.28028044673968133,0.07412138313097304,0.008017597430533607,0.004980164067469934,0.07649837235500347,0.07956847166660759,0.0,0.0,0.0374488519577381,0.028674240513603472,0.0,0.0,0.00018621282025206378,0.15324923037092805,0.21758047683253456,0.8894207826779793,1.6444905852368046,3.672437173535731,0.840567338644562
24,25,Yamuna Lower,a921ce71-2d6f-455f-9571-733248c01071,0.0,0.0,0.0,0.0,0.0,0.0,0.0,0.0,0.0,0.0,0.0,0.0023131156603320093,0.05812073609544429,0.2849706560903436,1.405309896158558,1.326148052316357,0.1979517405861805,0.024153709548885956,0.12332571194658468,0.004146508364256669,0.0,0.00010057437658328038,0.00019599749280892613,0.00041166105009191745,0.0,0.0,0.0,0.007095185197099399,0.0005228757036533483,0.040771663342978645,0.21126960156731295,0.08957968246010728,0.017473068190433667,0.044550078918235675,0.1236538240173546,0.4481327321669618,0.2412516039452059,0.19256217786180393,0.9224461658859013,1.1770684128964257
25,26,Yamuna Middle,311452f3-4736-49c0-ae50-dc0325812773,0.0,0.0,0.0,0.0,0.0,0.0,0.0,0.0,0.0,0.0,3.3216132068810455e-08,0.10165698637145766,0.10589412251171344,0.17566439576215237,1.2894165307774057,1.3823243748538703,0.07455526795001279,0.0004083267708257341,0.48730339343036316,0.07261298906271987,0.0,0.0,0.037819351011615356,0.15450049980950034,0.007145393336693755,0.001375225973796839,0.024606257827809185,0.0007403493214648546,0.001123268754404297,0.0,0.015747151792065317,0.0445313130085079,0.271478888219276,0.23981774504851608,2.328753131957108,1.9629979405388907,1.2765274495563166,0.8733998987747374,14.474317138549987,1.5820115654756222
26,27,Yamuna Upper,ba4089dd-4a5c-419f-8196-c3d3f5c569cc,0.0,0.0,0.0,0.0,0.0,0.00013436036459557962,0.001014704924045242,0.0015750023103160839,0.000979268271323164,0.15207436136615907,0.23997130732943384,0.5936004581216245,1.2901603394630354,2.534280218522683,6.113815039492969,1.4340311023504975,0.14041224590863527,0.4398743121121522,0.6726876427085533,0.0028510775166836213,0.0,0.2228444574025123,0.17956390281953957,0.11098011521155801,0.007327203412418354,0.6139836524731499,0.6859082808029101,0.26855460812374515,0.1630511352635282,1.371629633951968,0.48859033592589535,0.02468084785825111,0.07890028005079237,0.6947587983640489,1.9618494603901084,0.8386923190036621,0.6836002180123185,3.179679751780977,2.3408369760859014,2.9235428390976437
27,28,Bhatsol and others,5a6c6db0-056b-40ee-ba83-3476ec4df519,0.0,0.0,0.0,0.0,0.0,0.0,0.0,0.0,0.0,0.0,0.0,0.0,0.0,0.0059140650323107995,0.07498440839970569,0.00026551564909752234,0.0,0.0,0.0,0.0,0.0,0.0,0.0,0.0,0.0,0.0,0.0,0.0,0.0,0.0,0.0,0.0,0.0,0.0,0.0,0.0003736206949851772,0.005806838978104807,0.0,0.0,0.0
28,29,Vasishti and others,62564067-a8a3-439a-aeb4-aca924df2ca7,0.0,0.0,0.0,0.0002752401972216517,0.0005710797176517134,0.01676932520156261,0.06084494866707525,0.015179636322237613,0.0,0.006394300708271899,0.009783275248073408,0.019235461599126136,0.0006079605043855062,0.00037922502785957615,0.0,0.0,0.0018230101531377702,0.0,0.0,0.0,0.0,0.0,0.0,0.0,0.0,0.0,0.0,0.0,0.0,0.0,0.0,0.0,0.0,0.0,0.0,0.0,0.0,0.0,0.0,0.0
29,30,East flowing rivers between Godavari and krishna,c1f9c22b-b421-4b12-8b66-7264a6ac59ce,0.027994421358198827,0.2036800594512679,0.25092178755297456,0.015882971705091602,5.577436950309532e-05,0.027551045726231137,0.044070893677926236,0.012144106640302845,0.0,0.0,0.0018468509628602962,0.0009857316966347342,0.0016475833957729248,0.0,0.013483848284039432,0.0,0.0,0.0,0.008765320233601638,0.0023191938802157456,0.0,0.0,0.00856969726853139,0.0,0.0,0.0,0.0008080718190705874,0.0,0.0,6.4963845879174045,0.9639248892304014,0.6590691449816479,0.25583561363104973,0.07838506421546541,0.007315141393234147,0.16411382399259394,0.0036132034340749706,0.0068978058594103605,0.08542758430146354,0.930724133242496
30,31,Mahi Lower,4a412fea-7396-43f1-b3cb-f836b4f9a796,0.0,0.0,0.0,0.0,0.0,0.0,0.0,0.0,0.0,0.0,0.0,0.0,0.013535453115799245,0.3721814640541536,0.12205200172018428,0.0,0.0,0.0,0.0,0.0,0.0,0.0,0.0,0.0,0.0,0.0,0.0,0.0,0.0,0.0,0.0,0.0,0.0,0.0,0.0,0.0,0.0,0.0,0.0,0.0
31,32,Narmada Lower,d5a83ff6-0cd7-4af4-80eb-81eb5ea94338,0.0,0.0,0.0,0.0,0.0,0.0,0.0,0.0,0.0,0.0,0.0,0.0,0.026480116590836232,0.44186878052179485,0.45124145574761537,2.7160767425373043e-07,0.0,0.0,0.0,0.0,0.0,0.0,0.0,0.0,0.0,0.0,0.0,0.0,0.0,0.0,0.0,0.0,0.0,0.0,0.0,0.0,0.0,0.0,0.0,0.0
32,33,Tapi Lower,171c40a1-836b-4120-a44a-857dd83935e4,0.0,0.0,0.0,0.0,0.0,0.0,0.0,0.0,0.0,0.0,0.0,0.0,0.03381347218601166,0.07575590816147788,0.24712198226262458,0.0,0.0,0.0,0.0,0.0,0.0,0.0,0.0,0.0,0.0,0.0,0.0,0.0,0.0,0.0,0.0,0.0,0.0,0.0,0.0,0.0,0.0,0.0,0.0,0.0
33,34,Above Ramganga Confluence,b03f350b-a707-4757-925f-53f9e33f1553,0.00047508154719970815,0.00019967209279675828,0.0,0.0,0.0,0.005160122489621109,0.00680153524386641,0.004367674030050358,0.00652458621057339,0.16276646581403267,0.16693834918775863,0.49703705262624504,0.41191473374904347,1.5590959975275946,0.573120088206251,0.44276599684618445,0.24163903377527254,0.4076586492322234,0.3570642860519212,0.20248564066737437,0.004470142460455523,0.10232307928660712,0.09037655505620601,0.16745263724923057,0.07561061750812186,0.10438732149600334,0.23995723699899146,0.10555881410734318,0.20698079449353807,0.6217806855169722,0.7013836759221878,0.0729690113288002,0.012660536595218022,0.12815929777256022,0.1808053320951377,0.13745666791358893,0.5254562998085577,1.4620867463191531,3.3979420023536915,3.9680001426913556
34,35,Baitarni,d168b251-ce98-49cb-b762-823161bb70dd,0.011143307514658338,0.0,0.03561597859979306,0.0023868997708761707,0.0,0.0,0.014133505261651821,0.0010762706412478396,0.0,0.0037495027185805115,0.01129355294479084,0.0,0.0,0.0,0.0,0.0,0.0,0.0,0.0964885437137498,0.0,0.0,0.008928715417435507,0.22276657001348385,0.0,0.0,4.642463495373006e-07,0.044084044168082114,0.0,0.0,0.047791683248633934,0.24891442180828127,0.6419258683804357,0.6481832243707017,0.7465426619063023,0.9005662597084948,1.709725187046571,2.1396187600548906,7.231369434879947,1.1295998670816745,2.5056762513735764
35,36,Area of Inland drainage in Rajasthan,d62567e9-08e6-4b13-a574-9d2532271451,0.0,0.0,0.0,0.0,0.0,0.0,0.0,0.0,0.014128154791720091,0.02582248611053363,0.43084866499439944,0.3063167812370044,0.2958543559857414,0.32158550855580753,0.2840065917163466,0.21390363341044907,0.0029527746440125642,3.782311881058845e-05,0.039741830133881946,0.0,0.0,0.0,0.0005646893196890147,0.002321406159029008,6.0489721075141e-06,0.002602698519010406,0.03979252736370159,0.10588397687677195,0.002726392160881134,0.0,0.002664384147669341,0.019457552696713308,0.0058887990219355455,0.062404547350765345,0.311376647235964,0.5300036532839567,0.5748927436337941,2.373354080229747,0.9441666259906977,0.9742526070368613
36,37,Banas,f044fa71-614f-4f83-9d1a-d3248f137212,0.0,0.0,0.0,0.0,0.0,0.0,0.0,0.0,0.0,0.0,3.0374160803847986e-09,0.06424885125671072,0.14439239147779132,0.00021321423409802616,0.16326748614776268,0.029616099811833798,0.0,0.0,0.0,0.0,0.0,0.0,0.0,0.0,0.0,0.0007336181585948139,0.0035358351295475578,0.0,0.0,0.0,0.0,0.0,0.00011060883447729607,0.0036923382697829684,0.2406215156972454,0.5511499061486561,0.36567664675725575,0.06863851233026891,0.21425355456785491,0.032398416667436376
37,38,Barak,ddc3f723-99e3-4e6b-96e3-3552c33574a4,1.420432150304835,9.4330412298588,7.690690808264909,0.3686564215324737,0.08551867432157585,0.39285310668465173,0.03262638567508828,0.00018115973898647628,0.0,0.022116655369656693,0.00024150926386887566,0.0,0.0,0.0005056188500546998,0.0,0.0,0.0,0.0005056188500546998,0.002279227550262335,8.729557005899438e-05,0.00017485001920891475,0.004524759737191602,0.013108044903661442,0.03738118802439473,0.08155086904357944,0.48374109199284987,0.8891691264671017,3.0613282455409734,2.8378536778012506,5.340677994212078,5.6645011255657645,4.289059513332189,0.5148848714683111,1.115509387002573,2.2570955160297967,2.9721971817339656,0.7679842707371005,0.257479147735407,0.2526928854318519,0.6748410832688994
38,39,Beas,eb0e20ff-7c19-4561-b3c8-facb0c1c8ad9,0.0,0.0,0.0,0.0,0.0018395435464676829,0.03830500634087952,0.15697429289128617,0.1254260863251803,0.1414635671946505,0.3877149794375305,0.7310632665924685,2.14791444281313,2.8308848793512227,3.226256943267284,3.9691526514140105,1.551869883781864,1.2694436928014456,1.116746382048834,0.09903653050704576,0.008380958753862616,0.0,0.054456433491198164,0.032428563222045126,0.001268714124854796,0.0,0.02550917028466037,0.038762112413005784,0.49912292072070513,0.41793908817313025,0.19912472063266323,0.017792970603554874,0.0072547166319583455,0.0013582338287418737,0.0558763312316849,0.038509245072593304,0.2815500404643216,0.9831603018987657,4.402532010059001,6.6804026273835175,3.027053988803831
39,40,Bhadar and other west flowing rivers,3564fb29-ced9-46aa-ac30-40f8aaa4a1b8,0.0,0.0,0.0,0.0,0.0,0.0,0.0,0.0,0.0,0.0,0.0,0.0,0.0,0.0,0.0,0.0,0.0,0.0,0.0,0.0,0.0,0.0,0.0,0.0,0.0,0.0,0.0,0.0,0.0,0.0,0.0,0.0,0.0,0.0,0.0,0.0,0.0,0.0,0.0,0.0
40,41,Bhagirathi and others (Ganga Lower),fcb9189c-7dfb-4b29-854d-42d6fac5a082,0.7937121788821415,0.28127340436167153,0.2891040669508695,0.20540788530539322,0.0476851597005454,0.000522550877868564,7.2705368274587445e-06,0.00021441824766781027,1.6406376279669822e-05,0.0,0.0,0.0,0.0,1.295809777825377e-07,0.0,0.0,0.0007004189799251929,0.01061213956361896,0.032102073844806116,0.04551650068562029,0.00796007343846782,0.03103843354717135,0.021306802580306358,0.1832730018453622,0.10563010772053931,0.0414436961001277,0.49793866186206975,0.5947406504145492,0.02462263271901439,0.9023754539635425,1.93189686451189,0.09669520408302287,0.4078486347167967,0.16924230458152106,1.56447813579031,0.47186367516715677,0.23283606413396496,0.12429350719632411,5.729975978924185,0.6705793202799178
41,42,Bhima Lower,f1997fae-932f-4e75-8699-ab12be1ff887,0.0002186096535674354,0.0,0.0,0.027533269018411195,0.023754612407071135,0.0,0.0,0.0021636223202229896,0.0,0.0,0.0,0.0,0.0,0.0,3.091814168355456e-05,0.0,0.0,0.0,0.00047356616203209914,0.0,0.0,0.0,0.08766355856945114,0.15435373333665595,0.14435549231145162,0.0007860756606669459,0.002368424839114276,0.018348870516902087,0.13287179472079738,0.018748763422737173,0.0020686144938896543,0.02836825378205079,0.008372105332236814,0.0003279047151153645,1.8764033011512088e-05,0.010651527721605446,0.0,0.0,0.0,0.039282633637868394
42,43,Bhima Upper,f19d702d-eb23-4d8c-9a19-690f88d59d96,0.0,0.0,0.0,0.0,2.8761059851111e-06,0.0,0.0,0.0,0.0,0.0,0.0,0.0,0.0,0.0,7.00934767535005e-07,0.009083084124644144,0.0,0.0002212191569825099,0.001393197953732803,1.8879279831030086e-08,0.0,0.0,0.0028001401465539482,0.0012776306981613895,0.031940734689299685,0.0,0.0,0.0,0.0,0.0,0.0,0.0,0.0,0.0,0.0,0.0,0.0,0.0,0.0,0.0
43,44,Brahmani,d7c195ef-8323-47af-8008-10d7dbb441ef,0.055785128933610255,0.0,0.008965433377801181,6.0283999665167646e-05,0.0,0.0,0.00014807396173768757,0.0,0.0,0.0027037235716230357,0.002810172417260576,0.0,0.0,0.0,0.0,0.0,0.0,0.0,0.19572243988629076,0.0,0.00042936794188022686,0.25300404710616553,0.618125777612558,0.0,0.0,0.0,0.004128295977036277,0.013691456562440711,0.0015116302001995316,0.05251039057058086,0.042528899139679326,0.35141136620471425,0.06973604148149522,1.3141866717773316,0.27285887760939587,0.41436642731232526,0.732634730839976,2.360491651218686,0.21218625480733883,2.497525557354152
44,45,Brahmaputra Lower,d169a185-44d7-4fa0-9b09-6cef6ca10889,4.605422744547515,3.775635437382231,2.7921660415715386,1.2818109473910908,0.27592254595454174,0.4789519558976564,0.17534809437058566,0.012266627267502115,0.0006648436631964237,0.019117566333460234,0.0021601679907416018,0.0,0.0,0.039532521213409756,0.01395373044982974,0.0007602457821715912,0.005757980662435852,0.23604831861858958,0.15343686181622337,0.060599104439570936,0.0738394365967974,0.4730867330152273,0.37929586468429477,0.48419564579260527,0.3733575303715012,0.7547807790371777,1.0635072775477972,0.8656274027004602,0.638275325902152,1.7473733703141465,0.9672850121092746,0.9969561778852896,0.4348419210648783,1.2683932346990918,1.2864029376305368,0.4707912792864198,0.24821217534251544,0.7131885714194313,0.1406536732109473,0.48292404842682235
45,46,Brahmaputra Upper,936ded4d-7ed8-457f-ab85-fcbc242e1e50,4.39766872554315,2.9307399810761825,2.870864413130134,2.7499183247341175,1.1539513092018105,1.3898919427888117,0.3651456533550033,0.0722671437056455,0.03983753951089825,0.24241196870654513,0.013095722445209306,0.0,9.360620654269253e-06,0.021774470159704035,0.0017031732141628486,2.281761222309783e-05,0.001877017341621662,0.06512013691539556,0.04708140043166793,0.10404874230647997,0.21277184453439082,0.6385624898221228,0.48007091327743723,0.42917268225476934,0.4645865981509165,0.8873737870124976,1.2863857291724399,1.5654781737327268,2.3024921336693,3.0532341957452753,2.129283455016308,3.009538678271943,2.627501915672041,1.696268331085309,1.345706165581709,1.3925795330378457,0.9490065431223752,0.7266331629621245,0.32148544480740116,0.14061016636369153
46,47,Cauvery Lower,15ca27c7-6fa9-4f87-9636-31c9bc5a513d,0.12525362189639183,0.015998029063228975,0.0015807622534634962,0.0030642622376522185,0.030211371081752463,0.0022470114804403734,0.013903621506303003,0.009611618182829766,0.020222329733915294,1.4730430856616167e-05,0.0,0.03805008406078139,0.07256212381972875,9.187690225093375e-05,0.000264925955866824,0.0,0.0,0.0,0.0,0.0,0.0,0.0,0.0,0.0,0.0,0.0,0.0,0.0,0.0,0.0,0.0,0.0,0.0,0.0,0.003502931226671386,0.0020114184298408674,0.014052743914823163,0.0017575682626207885,0.14661751727367167,0.009338837758703216
47,48,Cauvery Middle,d1fdf08d-9a8c-47af-8691-c88e1dd7b49b,0.0006155270918449063,0.02100557761753245,0.019121926553772373,0.022319779290739077,0.025178903548967076,0.13666653829360406,0.23358567256700571,0.06302108571697383,0.004847470290621626,0.020325145545850146,0.03120331133754549,0.053246494639109104,0.013048155950994345,0.017200029245353566,0.010812269492164878,0.042953611982560425,0.00011641233566959644,0.005496906637584515,0.011420139286363309,0.03410023781227456,0.0,0.0034047877762254024,0.023292847624056683,0.02941844909022328,0.002699735191308294,0.045908620803920726,0.04120969221116358,0.14617552920854926,0.0006284304683374559,0.006217295948534507,0.02338323839879764,0.15732527396711657,0.03421767568004513,0.008570596973825733,0.012801807356512509,0.015529214652106554,0.0019598025552895085,0.020670323922311454,0.13587996935512262,0.016632333766014987
48,49,Cauvery Upper,ad10aaad-0d72-4b55-802d-2671fa72e5bd,0.0,0.01284317516712984,0.672125517335029,0.7350629442798569,0.3900523753395113,1.272112696438269,1.1569950779481308,0.05479233681429644,0.008574864366633754,0.012693928086399207,0.32540856264802964,0.2449551814171541,0.0,0.02657779180549438,0.35311934262091704,0.5275625989898595,0.018858857044194714,0.06443782146298348,0.203357156102556,0.13038926028321907,0.001936567065571548,0.1165709120731527,0.11773717028108573,0.24959626244677088,0.07886839746162681,0.18004316974494017,0.07742130993015059,0.4115673727088067,0.08783062302214685,0.026504915779666034,0.017627925330812217,0.002623104686348653,3.422986546065595e-07,0.0,0.0,0.0,0.0,0.0,0.0,0.0
49,50,Chenab,bc227dc8-a872-497f-a0c2-5e38a887070b,0.0,0.0,0.0,0.0,0.03386759791522861,0.2276476821087206,0.12540112703195186,0.8105312158796876,1.8633846125528657,1.6650998646338702,1.053161828578204,2.1696504706949433,3.512985918561598,4.062380928290338,2.302842882478206,3.2092297141435293,1.959283853149912,1.016702226239015,0.0814595534131888,0.005761947563427844,0.0,0.06936161432463711,0.016432697023973576,0.005242938189534791,0.0006249029822986508,0.2600221470761172,0.39408326489217327,1.269407665432224,0.33033022788991934,0.3450522929778132,0.06306804901094669,0.010645638462206133,0.0,0.05656682893880423,0.02878195217333787,0.31279218615119614,1.3859149319105215,3.539970640778901,2.839364967366137,5.564543458077099
50,51,Chambal Lower,f3ee4703-1dba-43b0-80b3-0954291ccccd,0.0,0.0,0.0,0.0,0.0,0.0,0.0,0.0,0.0,0.0,0.0,0.007917881233437448,0.5081159575199856,0.24651868841492933,1.022393029456173,0.6499387302888345,0.017025497855442977,0.0,0.0,0.0,0.0,0.0,0.0,0.0,0.0,0.0,0.0,0.0,0.0,0.0019089118837364832,0.009800271734700024,8.840430776134392e-05,1.0905778370721075e-07,0.0246143915091066,0.5445797313827585,0.5352814339606915,0.26262087203956713,0.002521586314633537,0.3937274111694173,0.0932231559903212
51,52,Chambal Upper,8868f995-83c6-499a-95d1-c8d9cedcdb3f,0.0,0.0,0.0,0.0,0.0,0.0,0.0,0.0,0.0,0.0,0.0,0.0,0.000108420808172297,6.80880523284291e-07,0.13678300588516168,0.036972774335234,0.0,0.0,0.0,0.0,0.0,0.0,0.0,0.0,0.0,0.0,0.0,0.0,0.0,0.0,0.0,0.0,0.0,6.152681372377243e-05,0.03333424317609632,0.0005256609243001326,0.0,0.0,0.0,0.0
52,53,Drainage Area of Lakshadweep Islands,624eecad-ce7d-44e2-99e6-d1709afe616a,0.0,0.0,0.0,0.0,0.012625373599488784,0.0,0.0,0.3309813718758719,0.2004825542888422,0.07093647807685423,0.0,0.36063326461884415,0.7097755442918416,0.17275414126971847,0.0,0.0,0.06682948532299464,0.47690049338314955,0.0,0.476730036288637,0.3092459809235622,0.08133488591852249,0.0,0.02480927683617513,0.09661258180360653,0.0,0.0,0.0,0.012212527923420622,0.030420278583952583,0.003049858195821058,2.453666724271172e-05,0.0,0.0,0.0,0.0,0.0,0.0,0.0,0.0
53,54,Damodar,11d34a40-6a60-4f3f-a90e-f9eaa1e85624,0.1422240125381843,7.670655657022504e-05,0.10071725072793668,0.28264770709489706,0.04064397260781493,0.0,0.0055760423610186705,0.012958292170755559,0.008284522255063171,0.0,0.0,0.0,0.0,0.0,0.0,0.0,0.0,0.0,0.0,0.002307867335807221,0.0,8.124512085727003e-05,0.19133088142562335,0.08079234169884644,0.0017741361913578202,0.0011839941825200631,0.017271022186465413,0.0024692967192307185,0.0,0.6949622600553311,0.11897085761895164,0.2548531735176376,0.09126426924362163,0.924411984449473,1.6230414030334708,0.4360820528391364,0.21412232773629705,2.1750221190372794,6.771051290840081,0.1896137459614741
54,55,Drainage Area of Andaman and Nicobar Islands,1135eb55-5aa7-4494-9816-e4b52edd0931,0.0014456483428832742,0.0001463255751856911,0.0002375025937635677,0.01127197407862094,0.03283518550563156,0.013354758556319981,0.005280095896696969,0.02094229487985808,0.04032030479204296,0.0,0.0,0.01865189695203858,0.04486786434677355,0.023402221494988454,0.0,0.0,0.0,0.0,0.004938400907615733,0.0006309259259384264,0.0,0.0,0.02506144981607954,0.005695238905012139,0.009760619956226903,0.021839117628512074,0.06174766078224728,0.01448304923340052,0.03325606983215345,0.03484882004026344,0.015137306215476622,0.024565969877842958,0.009342106694960101,0.0009523250454516456,0.0010787794812522078,0.0009352851967969832,0.03587974481231384,0.07057932550943852,0.006965611277396918,0.0
55,56,Gandak and others,e26049ee-d1df-41ef-8a8d-57f47767405f,1.1703859922628916,0.7931764224197183,0.10517314945822723,0.16286937054562053,0.005298567419800473,0.0,0.0,0.0,0.0,0.0,0.0,0.0,0.0,0.0,0.0,0.0,0.0,0.0,0.0,0.008745430895998177,0.042830458559195775,0.0,0.027728178714759653,0.49691934541738914,0.07700847418313057,0.0,0.1495229891482456,0.05769149816786016,0.08397171301511513,0.5862210233007777,0.564486864173548,0.16124281960858616,0.08793086621265137,0.08312157059640217,0.33044009062124563,0.018112014433861325,0.0,1.0186998591682646,2.144745054406218,0.09667694743725268
56,57,Godavari Lower,2d1944c1-e8cb-4506-8d30-6304a09b4914,0.12053528204174535,0.0753584175430275,0.19929225266194625,0.034873130768139984,0.00018900558745677817,0.021450770774327263,0.04479401102481973,0.007337193356695241,0.0,0.0025634397672790756,0.008478528671831796,0.009110211519284388,0.0006567190186775326,0.010820231610920108,0.07808829002202873,0.04019164076084667,0.0002162765752417646,0.030230928762057126,0.15601125563567622,0.3707307681871129,0.0010057157415515625,0.001244675722630492,0.11003205587667163,0.14217424643529442,0.0,0.011288777871391086,0.3660091817263796,0.10673366256631045,0.013719134678120515,0.3056875119640108,0.6573243735796541,0.13045452471905192,0.20059127969302762,0.8832070754256963,1.1846557179817072,1.1084519702321196,0.7654051555342077,1.048815898129077,5.280682092021118,0.9394566667344653
57,58,Godavari Middle,60f6cc5f-52c1-4064-a3b8-c66084270d88,0.0,0.0,0.0,0.0,0.0,0.0,0.0,0.0,0.0,0.0,0.0,0.0,0.0,0.014471307666483548,0.744257704440287,1.033070747273132,0.12220474197565027,0.08084230798490964,0.16444775237386147,0.09542081204170781,0.00018542228021601622,0.0,0.017894561134271656,0.0,7.331149420402115e-05,0.005623869865255832,0.0,0.0,0.0,0.0,0.0,0.0,0.0,1.7331510384117802e-05,0.010434973331244575,0.3400588681108665,0.2101019539899338,0.0,0.0,0.0
58,59,Godavari Upper,ab8a1a78-1d3a-411d-be5e-1a535b07ccb6,0.0,0.0,0.0,0.0,0.0,0.0,0.0,0.0,0.0,0.0,0.0,0.0,0.0,0.0,0.08997418147829377,0.02342305105041971,0.0,5.513886580557192e-05,0.0012804160420637246,0.0,0.0,0.0,0.0,0.0,0.0,0.0,0.0,0.0,0.0,0.0,0.0,0.0,0.0,0.0,0.0,0.0,0.0,0.0,0.0,0.0
59,60,Ghaghara,ed6bf5cf-fe40-4536-845a-bf397aa44ef5,0.3776078376782058,0.10943599196613203,0.009202123372138828,0.000459722168919412,0.0,0.000284708125286823,0.0013558634859088656,0.005492422189301988,0.002947258421174116,0.09714375621713678,0.1115699373588417,0.02951821043961643,0.02414894234276425,0.29625799562226207,0.22459541019995777,0.24088680629063425,0.16013970427746205,0.18898102468292105,0.07283587547229715,0.056923112646756084,0.010020806261441513,0.07943981027571802,0.05556713877459578,0.03498568806758398,0.029685917421142696,0.11386354620837003,0.1654446123414153,0.2627828074789534,0.2842716062507506,0.34633671770641145,0.2734528370827039,0.14766247639664215,0.06200694035857173,0.1548486069837125,0.10933379631011102,0.06677492135762476,0.13516363883369772,0.6884646381122189,0.3120739313467725,1.806740257438809
60,61,Ghaghara Confluence to Gomti confluence,3d9ab6bd-9644-4b97-a383-118ddfff6ebe,0.40164006921406553,0.3731267153156557,0.0012820202412235533,0.0,0.0,0.0,0.0,0.0,0.0,0.0,0.0,0.0,0.0,0.0,0.0,0.0,0.0,0.0,0.0,0.041296728019247754,0.04480061603028496,0.007260964124195065,0.2133282311731573,0.09688595498934184,0.0,0.0,0.010376563460462035,0.11284850427921982,0.006011262330886634,0.06483122568439506,0.0614798304091691,0.1624962594074098,0.08428130833551169,0.020222451046090776,0.09542892390026862,0.033454695428967104,0.0029911917701010773,0.16606561241763776,0.036365347888679296,0.5396537595280657
61,62,Ghaghar and others,389eb29d-91f9-44f3-9a46-18d9fd88b92d,0.0,0.0,0.0,0.0,0.0,0.0,0.0,0.004110618011404108,0.17489956787323954,0.018640186115622754,0.013312786786530946,1.7354680811789964,1.4025706140408927,0.05214278305003188,0.592748568716072,0.8288340653771559,0.20354081334900692,0.017548250753830607,4.783370782807697e-08,0.0,0.0,7.96072743170313e-05,2.9743170916661176e-06,0.0,0.0,0.0032081273605616555,0.6195456517137286,0.4639840418760854,0.028297792173838678,0.0001303464210473855,0.0014692757443088226,0.06177375418308066,0.0,6.639986580842379e-07,0.22915860804263138,0.5777974223202176,0.23971951729333274,1.1057295472877302,2.4687590270625197,0.3246216641412862
62,63,Gilgit,850a4a2a-d75c-4a07-b3c9-fd2f9db8ff75,0.0,0.0,0.00027280323086315017,0.03147547383289703,0.28468443646794644,0.6166821513430554,0.7679005030493788,1.764999372637676,1.119147043342436,1.3014684574412883,0.8949621156102899,0.39862648548778074,0.1920076489394209,0.648341551059577,0.9849756325597552,0.8683347617212961,0.46089349690115916,0.30152756385816626,0.1231325647280885,0.0595075966535591,0.015358576010293846,0.055683709289861216,0.08066324170566903,0.09333509422439534,0.05599038129755427,0.24503143535155555,0.626883755639848,0.7654228082092862,0.540713111386154,0.7273758709452869,1.0491898866083547,0.8023801732455921,0.23528936094826866,0.5701219961448605,0.9859084396295481,1.2213531400772006,1.1312268650448727,1.045769011377467,0.7685761171573585,0.6522979676087274
63,64,Gomti,566f13ab-f32c-48f0-ac0b-c37933c4e7d9,1.8634395862953167e-05,0.0017781397058164066,0.0,0.0,0.0,0.0,0.0,0.0,0.0,0.0,0.0,0.0,0.0,0.0,0.0,0.018516228461070816,0.013776726025823008,0.0,0.04128379116856408,0.01787251717304861,0.0006706511415935313,0.0,0.0034079224427366276,6.659363638123924e-05,0.025083007787326993,0.0,0.007269742021466721,0.32302144927631804,0.011011624729688502,0.0,0.07987637137011953,0.11402684309257746,0.004031743030780597,0.0,0.004382499042856415,0.003912900346387853,0.04017430307484627,0.07479665172703547,0.9916413778414803,2.5305608088639824
64,65,Imphal and others,5ca8569b-0128-434c-ac69-0f30c0547203,1.8448510013082526,8.593799293006905,13.711828879611529,4.1154176576195765,0.0893144602375569,1.6402074001223301,0.05657885773297526,3.854318690108272e-05,0.014429851675947368,0.07122160512937546,0.0,0.0,0.0,0.0,0.0,0.0,0.0,0.0,0.0,0.0,0.0,0.007185804237537254,0.0015478946654328715,0.0013264178880293491,0.03469863202881954,0.33742543538886116,0.1748725159268402,0.536644296745988,2.0342003675599534,2.13287921743513,4.444551433719585,0.8433445745550393,0.784007854639734,1.9371885798617066,0.9997745512460312,0.6017443499405313,1.3293546523109827,1.1602956793544121,0.09960660303858812,0.06366428404782452
65,66,Indravati,d8858c28-693f-4ea2-801a-4190d09c061b,0.000927762527639413,0.0,0.0005455311895875214,3.996916851602375e-05,0.0,0.0,5.07523132118089e-07,9.870016921491386e-05,0.0,0.0,4.070169629982236e-05,0.006700447482630796,0.0,0.0,0.0020764453760558164,0.03128936192877455,0.00040073878037171076,0.15490739513238463,0.4448465741081917,0.4708109608346574,0.01555542923806523,0.002867837722994774,0.023246872811134137,0.018662058681012884,9.38997055828824e-06,0.034082725852059396,0.35426689066019634,0.22951803290060577,0.024343405553323205,0.6853318305199178,0.23931918587166962,0.004451347516260417,0.00021945528132974275,0.14603526413641732,0.21379195315509888,2.123902337072713,1.7306950816863138,1.2858303142476997,8.168621809526584,1.7346340017508122
66,67,Jhelum,2e64f8a7-e504-41d0-afd7-5a66fc6f8eea,0.0,0.0,0.0,0.00041385409267140073,0.015345774382990701,0.06635336390698127,0.3733612138672151,1.4830094507296547,3.9808880289397033,2.3916036589135787,0.9741617774523853,1.8232725086323,3.0652429451225256,3.4946192188146057,2.4063406438534933,2.038927016080294,0.9323645189793575,0.6414943587145766,0.09817053164645016,0.004931686472697984,0.0009650915215924424,0.005450765899973398,0.0018660752908548127,0.0026619620569391716,0.0088548789774343,0.21580934115728356,1.1194503434624394,1.90460740435082,0.3527975423464414,0.35793717121983504,0.20503833056166376,0.1314944016005932,0.02034517758194992,0.08895363742746226,0.12489671125495866,0.2698586222659918,1.575395511841397,2.9492426223052446,1.919123571142456,2.7217562002419653
67,68,Kali Sindh and others up to Confluence with Parbati,db319790-f6c8-4f91-b391-7c3e65556f77,0.0,0.0,0.0,0.0,0.0,0.0,0.0,0.0,0.0,0.0,0.0,0.000552581317180051,0.0501618152644622,0.25256353819053023,1.6826128090030692,0.12497216878234983,0.0,0.0,0.0,0.0,0.0,0.0,0.0,0.0,0.0,0.0,0.0,0.0,0.0,0.0,0.0,0.0,0.0,0.034624581877477335,0.2159856839647539,0.09718724858317866,0.008101812722071198,0.00028223275983895883,0.0,0.0
68,69,Kosi,5e759c4d-a8e4-47a6-a3e2-849820393f4a,2.1345679216021147,0.6325518392935328,0.2580411482930318,0.05577895914236312,0.0,0.0,0.0,0.0,0.0,0.0,0.0,0.0,0.0,0.0,0.0,0.0,0.0,0.0,0.0,0.0,0.0,0.0,0.0,0.08967667580602247,0.011740344159752886,0.0,0.11239392413382637,0.028730285899178688,0.025617860521892345,0.0,0.0033823677819755336,0.0,0.0016655064619833574,0.0,7.145867467743869e-08,0.000975385671882145,0.0,0.0,0.0,0.0010568777460970827
69,70,Khawthlangtuipui & Others,6c260e4d-a348-49ed-9e67-7781ddf83045,0.9856107556750637,1.9670394503679947,5.379655853694755,1.270320186973425,5.429398944684865e-06,0.0,0.0,0.0,0.0,0.0,0.0,0.0,0.0,0.0,0.0,0.0,0.0,0.0,0.0,0.0,0.0,0.0,0.0,0.0,0.018518267238139353,0.0038475286159231313,0.1416976758592534,0.9059661034951598,1.5809061983181405,0.756796881095105,0.08961224127956988,4.25757646948411,0.2200922279156198,0.338087833889304,0.09243166741307725,0.4368090955539919,0.26403495900480445,0.0,0.037207526836890124,0.5051146795360505
70,71,Krishna Lower,24af9c6c-b1e3-4930-b54a-9be7f6d7ac24,0.10034737345152565,0.10653420513400141,0.15399932422170828,0.026594373606830625,0.00014789060897837909,0.002931344192962322,0.041523558182261076,0.015344286170119115,0.004844850863644994,2.0309641074555344e-05,0.018794124465711534,0.0009421418185238558,0.00869582383671533,0.0,0.027259766648399294,0.0,0.0,0.0,1.3710119001065425e-05,0.08637525187683644,0.0,0.00010421606444211699,0.00045426217835526863,7.037937980489806e-06,0.05433610079023847,0.0017409204674746813,0.0,5.273506914858859e-07,0.1085659670470398,0.25318165941160614,0.0070131617173981335,0.11367215695303517,0.298788246913537,0.5111670466667302,1.8547432379715427,0.2341054058214621,1.6804849410523424,2.8193892570672365,1.7020121528459615,1.2415524314547923
71,72,Krishna Middle,e0413c70-33af-456b-ac3f-22c46d274dae,0.08344302539786011,0.09357785188408235,0.13989466841082251,0.1421995200037886,0.0004833671137309612,0.0,0.003412276488801135,0.005269409912590906,0.0,0.0,0.0,0.0,0.0,0.0,0.0005076221621118079,0.0,0.0,0.0,0.0,0.0,0.0,0.0005068099802845047,0.0026461027416800685,0.0,0.04721864793442948,0.00289762130294653,0.0,0.0,0.08282781383603184,0.0034641679827757273,0.01013113847973338,0.015398373079537071,2.4194073595858954e-06,0.0002582072840455966,0.0045121701606018775,0.5951503632513909,0.11108195193102971,0.013830284782926208,0.0054930960323521915,1.2491877876060609
72,73,Krishna Upper,292d1837-a6c0-4716-b2ee-f565a7ab20d1,0.0,0.0,0.0,0.08242323608087221,0.027843342623227876,0.0050109508442560645,0.017929551385604255,0.0007553303605822218,0.0,0.005694166030031568,0.009165219961021796,0.017247287260562252,0.0008896085158440208,0.0006382670379748334,0.00039974444034401055,0.0,0.009225624187657395,0.0,0.0001962908178676622,0.0,0.0,0.0,0.0,0.0,0.0,0.0,0.0,0.0,0.0,0.0,0.0,0.0,0.0,0.0,0.0,0.0,0.0,0.0,0.0,0.0007688002188601144
73,74,East flowing rivers between krishna and Pennar,d4d4fd4c-f450-476c-ad68-625fcd561caf,0.0573858878470781,0.7403987144137987,0.25528827627902595,0.03614334907475936,0.0044588462971072535,0.004981665322910161,0.009549741249930618,0.004212181398989971,0.001984565690755196,0.00021616110187679477,0.0,0.000196591213135817,0.015256632548030941,0.0,0.0,0.0,0.0,0.0,0.0,0.0,0.0,0.0,0.0005812245202084808,0.0,0.0,0.0005407911352839651,0.0,0.0,0.0,0.0007256588209787639,0.0,0.003203227810401529,0.0,0.0,0.013111013253128946,0.057767900364617465,0.2703384690846878,0.002850855748755179,0.2548749137750597,1.056789255412652
74,75,Kynchiang and other south flowing rivers,96470ca2-6f6d-4fda-a6c3-8f23a8a03284,2.455219185113804,2.6835268337658182,1.7980112720186157,0.019439094006849626,0.1568352768707092,0.9259055691132118,0.08008403139948944,0.0,0.002963842565186544,0.02942052575511992,0.0,0.0,0.0,0.008897634439063927,0.0,0.0,0.0,0.04475087740829186,0.07893749049994582,0.2721487174722023,0.25006717741255996,0.9798856673652819,0.5615849186891413,0.06959369832510234,0.7133907292840752,1.625236940367151,3.0079325400441936,3.2285186870282736,2.870961737536382,6.786237270616761,3.1680122716818424,0.6980918377602198,0.9496093263830366,4.374496230871249,3.3411611118661466,1.3023374230054183,1.043388099664852,1.900149868154138,0.5449778575961056,1.8981938376608978
75,76,Lower Indus,73a16015-11fe-460a-b25f-1adf1dbfa97d,0.0,0.0,0.0,0.0015667236090981774,0.11038824421363808,0.3627351361885167,1.182381497205855,1.7846085267854968,1.2503966636686827,1.6448565306243021,0.8945089247876513,0.3822426310942655,0.38147965402319883,1.0901238006722038,1.3028259868355965,1.1680479546393705,0.8901890190751119,0.5054988497249804,0.1441921750159223,0.08624879906441123,0.031912618681048145,0.0954265277913874,0.059768112429478305,0.06166703962092553,0.0788633099807598,0.4534982100658433,0.9211147953642745,1.1177575252274394,0.4170362826767638,0.5937929993853666,0.9823187499484975,0.9820122337609045,0.5545976735707254,0.8854724950966113,0.9411968393987847,1.0556406120767716,1.1158418617468042,1.1604806384215909,0.8100690692241566,1.1156796232710238
76,77,Luni Lower,e51260e3-c9de-4578-a86a-e934a98fa383,0.0,0.0,0.0,0.0,0.0,0.0,0.0,0.0,0.0,0.0,0.0,0.0,0.0005445127510813288,0.0,0.0,0.0,0.0,0.0,0.0,0.0,0.0,0.0,0.0,0.0,0.0,0.0,0.0,0.0,0.0,0.0,0.0,0.0,0.0,0.0,0.0,0.0,0.0,0.0,0.0,0.0
77,78,Luni Upper,31390815-6cfd-46e6-81c2-edf84869b2c9,0.0,0.0,0.0,0.0,0.0,0.0,0.0,0.0,0.0,0.0,0.03197652851669609,0.03826073016897874,0.023095740328951186,0.0,0.00854713856991891,0.0,0.0,0.0,0.0,0.0,0.0,0.0,0.0,0.0,0.0,7.875937528181224e-06,0.0,0.0,0.0,0.0,0.0,0.0,0.0,0.0,4.844864407225677e-05,0.0010689627643120472,0.022846097876612806,0.0030097493100356854,0.0,0.0005493336625965453
78,79,Manjra,a79de845-4a2d-4f35-a9c9-bd8c8b9533dd,3.5605860146325736e-05,0.0,0.0,0.0,0.0,0.0,0.0,0.0,0.0,0.0,0.0,0.0,0.0,0.0,0.0,0.08237348886621247,0.0003074958385903669,0.001464279179847103,0.3306313910252864,0.11264499864631461,0.048964309334104325,0.006239635775942178,0.03933449112888265,0.22054327176443195,0.32006754996226033,0.05998959199046026,0.0,0.006123255940075639,0.03544469523781112,0.09531966015244593,0.005173297384807699,0.004110514393251114,0.015945971739786177,0.011964897234524199,0.15461302275894936,0.1590065212773757,0.032029444005607956,3.773335433659547e-07,0.0,0.017886260991586824
79,80,Mahanadi Lower,e0230d10-4a94-4b91-a0f2-0ecdfb03bbe6,0.5181241757300715,0.00038465975543374554,0.02857813475866324,0.0,0.0,0.0004545851330212482,0.00018779208293306953,0.0,0.0,0.005080782364018251,3.541106682197163e-05,0.0,0.0,0.0,0.0,0.0,0.0,0.0,0.023360853550916192,0.0037411723586084733,0.0005087889316578947,0.0,2.7076773511143334e-06,0.11437369103830432,0.0009455887569656125,0.00028424122840545906,0.0004450046044778856,0.2835142192513,0.04256587298209466,0.43004269868429923,0.057686173791762156,0.08402725990445763,0.01841529656748862,1.9359739549345658,0.4701020504587028,0.29340732152421345,0.9517119790572836,2.398934937183059,2.017105502631215,3.018660190455565
80,81,Mahanadi Middle,47985a71-34d4-4872-a96f-51d7eac125fc,0.0015747817914620072,0.0,0.0,0.0,0.0,0.0,0.0,0.0,0.0,0.0,0.0,0.0,0.0,0.0,0.0,0.0,4.305170183349396e-06,0.003559167872346418,0.14886496854148226,0.1957190740548354,0.07084874228942531,0.024810535017963573,0.07454832067349752,0.06882283460013239,0.006849012468196947,0.001272630907969109,0.10705004913328516,0.032723454466666614,0.0,0.08541873336067962,0.2144015819327161,0.20996477215139392,0.006049700211769901,0.0001630610199204018,0.009063711928959946,0.13268720818314136,0.05535371238202634,1.5801564727621495,1.5279208803808582,0.8718876338307054
81,82,Chhimtuipui & Others,5f6e2d38-485c-49ae-983d-e7f3f55fb451,0.9276225671919472,1.1512337745509333,5.515745068276699,2.2937566356615102,0.029246688137758683,0.0,0.0,0.0,0.0,0.0,0.0,0.0,0.0,0.0,0.0,0.0,0.0,0.0,0.0,0.0,0.0,0.0,0.0,0.0,0.0,0.00947378351450058,0.37468741398902977,0.20417198709029247,0.5138428432147208,1.2525966523887597,2.1250280179961094,2.0988326345852517,0.5644179465556864,2.03952352456748,0.13614238233144968,0.15244254561019166,0.11385832435490123,0.0007816803925342184,0.02310459072690288,0.4205634402297197
82,83,Mahanadi Upper,ae60467f-ef20-497d-95a6-f53904335648,0.0,0.0,0.0,0.0,0.0,0.0,0.0,0.0,0.0,0.0,0.0,0.0,0.0,0.0,0.0,0.0,0.1499715844919113,0.0021832272303962505,0.07922881317750231,0.24814994930910247,0.08176800063046122,0.0471409016379186,1.3828664569694866,0.099384979706633,0.03763850691188235,0.001514620193392057,0.7997043012114022,0.0,0.0,0.1163842955044032,0.06402202653801174,0.052472117120320454,0.0,0.0,0.000795786307453582,0.061175673872881926,0.046435425417810185,2.273485194845628,2.6037596182216207,0.66856987660469
83,84,Muhury and Others,42791b5a-03a8-400f-8609-fba877cb008c,0.468947902225841,5.133700846665152,2.806547695781548,0.0,0.0,0.0,0.0,0.0,0.0,0.0,0.0,0.0,0.0,0.0,0.0,0.0,0.0,0.0,0.0,0.0,0.0,0.0,0.0,0.0,0.33285917756287314,0.016987400715849296,0.09495706676433943,0.3335696654723226,0.0170207644861523,1.7111694169708378,1.3029343542860783,8.500813666812139,0.18623394103828414,0.26659924686801534,0.0014997078074378497,1.8265754276036674,0.0,0.0,3.6660898961139043,0.2511836081139853
84,85,Mahi Upper,2b8cf25f-10bd-49ed-acad-da28515e17fe,0.0,0.0,0.0,0.0,0.0,0.0,0.0,0.0,0.0,0.0,0.0,0.0,0.0,7.153969123940283e-05,0.1725033228046605,3.83730318542331e-05,0.0,0.0,0.0,0.0,0.0,0.0,0.0,0.0,0.0,0.0,0.0,0.0,0.0,0.0,0.0,0.0,0.0,0.0,0.0,0.0,0.0,0.0,0.0,0.0
85,86,East flowing rivers between Nagavali and Godavari,3aadf400-c31f-4692-8484-3807b8d3a5d1,0.3908844461574253,0.6212666693457213,1.529406001572464,0.20802631392939575,0.0009228025049743865,0.10862787974689332,0.06827755612658712,6.729595040871454e-05,0.0,0.02175682617476417,0.01145890998296151,0.0,0.0,0.03268123069163094,0.0679810992500732,0.006894704780017927,6.211075053645203e-05,0.07456164861047802,0.15267495213889976,0.019449943261966616,0.0,0.0027432181901391657,0.04777347607922012,0.007007856077428308,0.0,0.007006400313193819,0.0845927242328731,0.014454581798993343,0.0,1.141132850937933,2.6185396101229927,0.19757537640927356,0.17382681116668106,1.6294906618275338,1.3318691370423053,1.0757135943808487,1.8923180192366755,2.383664008985009,2.0771404319319067,2.370620236815617
86,87,Narmada Middle,0afd0acd-6158-434e-9231-67d3d6ecdc05,0.0,0.0,0.0,0.0,0.0,0.0,0.0,0.0,0.0,0.0,0.0,0.0,0.0,0.013484379811296335,1.0738128860924705,0.9288899653337359,0.00047328181479643175,0.0,0.00017430174809901806,0.0,0.0,0.0,0.0,0.0,0.0,0.0,0.0,0.0,0.0,0.0,0.0,0.0,0.0,0.0,0.0,0.0,0.0,0.0,0.0,0.0
87,88,Naoch chara and others,1c6a357f-2008-4a82-be4e-3578227ab588,0.49056039402441703,6.484035926995554,0.5267218765518227,2.70448675839213e-07,0.0,0.0,0.0,0.0,0.0,0.0,0.0,0.0,0.0,0.0,0.0,0.0,0.0,0.0,0.0,0.0,0.0,0.0,0.0,0.0,0.6869164140447865,0.5433656249459378,2.5342722806454807,8.008210159669865,2.3371105922729045,0.6232900851064412,1.8710882184829818,6.944204754727795,0.17420800201636624,0.003491779358173332,0.5994614164202371,3.2828261550435647,0.0,0.0,1.792501222866472,2.0998227365701148
88,89,Narmada Upper,8b26d329-fdc7-4989-b7ea-82f1dd68c246,0.0,0.0,0.0,0.0,0.0,0.0,0.0,0.0,0.0,0.0,0.0,0.0,0.0,0.0,0.6866551162505191,1.8230492798224855,0.21601822490742334,0.0052184087610017815,0.5296932821290308,0.32581824814731586,0.0003260712680715687,0.21826505638073576,0.13623157560540577,0.0007993002791072421,0.0,0.0,0.0,0.0,0.0,0.004907251150624081,0.002388206526093057,0.0,0.0,0.0,0.0,0.0,0.01031899632432883,1.175104964295722,2.1832476977793664,0.07821188556809475
89,90,Netravati and others,9be2dc8a-953e-4cd5-b936-0e594221942d,0.0,0.011254809256036388,0.14229657083326488,0.3949564290239604,0.35490038204115393,1.3054608893776092,0.370662060563874,0.012439513569524706,0.0012788207509423406,0.006245329292640102,0.08557952298074353,0.3013774415859784,0.011459848147033982,0.022890031118232693,0.026809563311456012,0.1992629183095726,0.007711578672085656,0.026127784466595423,0.023823671401499016,0.1192888170267856,0.0011730146409541051,0.07733535779685681,0.01674324382591515,0.009304394208066568,0.005267030946052562,0.04169391650502184,0.013225870102273404,0.004897468885171883,0.0015515254219322539,0.005387913399852073,0.0025135281143454638,0.0,0.0,0.0,0.0,0.0,0.0,0.0,0.0,0.0
90,91,Palar and other,e7e0c67e-750e-49fe-bf79-79f31a8679de,0.02347047733474503,0.0015565885559329891,0.0056831161119910625,0.001096569662846224,0.00010143527450623027,0.01075089453822648,0.09768404268997191,0.0035249141031990644,0.0,0.0,0.0001592122951475142,0.014954276910497893,0.0008003244061578873,0.0,0.0,0.0,0.0,0.0,0.0,0.0,0.0,0.0,0.0,0.0,0.0,0.0,0.0,0.0,0.0,0.0,0.0,0.0036314526613860473,0.012887905341799436,0.0033540607155426584,0.027033873734856557,0.004607568685826021,0.007455551493166093,9.971819655910863e-07,0.2379221312719237,0.011635801528224092
91,92,Pamba and others,77a37967-fd7c-4710-be26-884c1854bfe9,0.23607084237052486,0.029915783368046976,0.0,0.0015184774680159607,0.04041917610599077,0.0024260250603980855,0.13578048936441195,0.05920855582171847,0.06934026923955935,0.02072872724432534,0.03707106148814644,0.07597905910901066,0.07712448917772186,0.0019237164879090175,0.0008109551248896047,0.0,0.00028791234384520137,1.2880122565082438e-05,0.0,0.0,0.0018698020654207765,2.5760245130164875e-05,8.710219433421745e-05,0.0,0.0,0.000692784117617619,0.001268901812283064,0.0,0.0,0.0004137170785093849,0.0006288993918888646,0.0,1.4273246501640103e-05,0.008101668580725451,0.006834619729986146,0.011142760570834364,0.0003075036080419346,0.019216305092620973,0.3809374676561276,0.05164996589847332
92,93,Periyar and others,2b2fe2f2-b798-42f2-a22a-dcd4c9689584,0.0026029776320755775,0.004154981826446002,0.4430357562345388,0.08181440125565802,0.0007020621867840397,0.002861852390949188,0.7331608627064871,0.13140980081987744,0.0,0.10150600356528595,1.004478822727506,0.25913391570401606,0.024241395520691773,0.08206594320240292,1.0060477777268766,0.11562539359581255,0.0002344112675204218,0.0004058339090297235,0.38323602533204715,0.04360053000169217,0.0,0.004141632878554146,0.05524653984049246,0.05311593206356122,0.0016861838598273646,0.38694366681323744,0.5822992192847941,0.06532795806114691,0.0,0.04875606292853611,0.14428519975904797,0.0902859750389105,0.0027183203631120116,0.09729541020987688,0.567570939181258,0.0788570409978571,0.004289607687304542,0.07889643157963981,0.016615577503962295,0.0
93,94,Pennar Lower,788e6ba2-42c5-46b7-a2db-391bc776e2f8,0.003957411055825187,0.052562597324192085,0.06726780990158934,0.0010220379148438209,0.0005938213583794005,0.0026426946064079426,0.01892203030169433,1.837474615658228e-05,0.0,0.0,0.0,0.0,0.0,0.0,0.0,0.0,0.0,0.0,0.0,0.0,0.0,0.0,0.0,0.0,0.0,0.0,0.0,0.0,0.0,0.0,0.002590315931752432,0.11863978997518457,0.003843624152305875,0.019028688504461558,0.06876261093854273,0.05904533900337295,0.06280958740154886,0.051669555858416066,0.5713139115268466,0.3492196123970474
94,95,Pennar Upper,41a3dc57-fc1f-4e7c-bf44-9a8dad278662,0.0002543021030557851,0.007655472191037892,0.029356896582214746,0.004832633417036035,0.007950898772990496,0.0,0.013193424626335217,0.0,0.0,0.0,0.0,0.0,0.0,0.0,0.0,0.0,0.0,0.0,0.0,0.0,0.0,0.0,0.0,0.0,0.0,0.0,0.0,0.0,0.0003043375106740021,0.0,0.010137078558288624,0.05390070359548702,0.0016990617539106945,0.0006687372019599014,0.011600248359227463,0.07405926827124179,0.03153355872584207,0.005659055850420303,0.0345984224939313,0.9120168329642631
95,96,Ponnaiyar and other,3050b8da-6e25-4809-bbf1-0488c9d05d33,0.033706970794869444,0.0037507221927766754,0.0007312793187790726,0.01638327750012413,0.0203672558956109,0.0013404101694879027,0.11581219096048798,0.012974617047262717,0.0004170996741994688,0.0,0.003006815388986209,0.04295497472021047,0.02456192369789177,0.0,0.0012385526246995824,0.0,0.0,0.0,0.0,0.0,0.0,0.0,0.0,0.0,0.0,0.0,0.0,0.0,0.0,0.0,0.0,0.007152291197540546,0.018250996065701124,0.0,0.022371809801490124,0.016825655639217445,0.011378369382530087,0.0004255491230974274,0.13627178834704662,0.07512635262630872
96,97,Pranhita and others,5bc5c0d9-0336-4e33-91f9-0cb875046d7d,0.003227801378336628,0.0,0.0,0.0,0.0,0.0,0.0,0.0,0.0,0.0,0.0,0.00017513385388432176,2.781392497252434e-05,0.0,0.0,0.0,0.00958901614826758,0.08259057084496542,0.8224310500427023,0.592920382328424,0.0015636604634433253,0.07114746484912228,0.15175273780065787,0.035895895288256555,0.004159282958601569,0.10096660412448821,0.06540155848480239,0.0,6.876432768339356e-05,0.00036244221429931406,0.0007237459807712543,0.0,0.005548441588416079,0.09174416993383491,0.7479445914529161,0.5685014578022334,0.2002590706532837,1.4587055686050323,1.5831950579009177,0.49285883447063095
97,98,Ramganga,f6e66e04-b548-4355-9db1-82bca94d1a7c,0.0009951868632750503,0.04032542423747741,0.004827179706780576,0.0011225387096267315,0.0,0.0,0.0,0.0024956144553483373,0.0,0.1535257366980432,0.31741880701402336,0.21803737627632355,0.12390453524346363,0.047824310146653025,0.123955332120874,0.6380254004870285,0.12214358026720627,0.01084512340110436,0.08621677173378059,0.17068455663276225,4.111814589392843e-05,0.0006577596557292228,0.031049962756891224,0.032138967865425166,0.1324576198073311,0.042680595836439045,0.1714303212682909,0.000914728086301351,0.004261056433591307,0.025415162183588674,0.5116333080620474,0.0,0.0,0.004759513822682213,0.06436691297795143,0.2411403918442744,0.2595763290944349,1.579273475134071,2.530768306653025,4.669879434349746
98,99,Drainage of Rann,afc6d45c-e9e9-443c-b3e7-0d31790eec31,0.0,0.0,0.0,0.0,0.0,0.0,0.0,0.0,0.0,0.0,0.0,0.0,0.0,0.0,0.0,0.0,0.0,0.0,0.0,0.0,0.0,0.0,0.0,0.0,0.0,0.0,0.0,0.0,0.0,0.0,0.0,0.0,0.0,0.0,0.0,0.0,0.0,0.0,0.0,0.0
99,86,Nagavali,502a0492-733f-11ea-89f5-1002b57d618a,0.3908844461574253,0.6212666693457213,1.529406001572464,0.20802631392939575,0.0009228025049743865,0.10862787974689332,0.06827755612658712,6.729595040871454e-05,0.0,0.02175682617476417,0.01145890998296151,0.0,0.0,0.03268123069163094,0.0679810992500732,0.006894704780017927,6.211075053645203e-05,0.07456164861047802,0.15267495213889976,0.019449943261966616,0.0,0.0027432181901391657,0.04777347607922012,0.007007856077428308,0.0,0.007006400313193819,0.0845927242328731,0.014454581798993343,0.0,1.141132850937933,2.6185396101229927,0.19757537640927356,0.17382681116668106,1.6294906618275338,1.3318691370423053,1.0757135943808487,1.8923180192366755,2.383664008985009,2.0771404319319067,2.370620236815617
100,21,Vamsadhara,4b8e795d-733f-11ea-89f5-1002b57d618a,0.9717143563089325,0.40369772181027647,0.5854972837167212,6.304536368732252e-05,0.0,0.0,0.0,0.0,0.0,0.0010040964634462205,0.0,0.0,0.0,0.004019114956905343,0.0,0.0004981323798652867,0.0,0.002513214824266659,0.0015062985927219517,0.007527172387370712,0.0,0.01608852459692905,0.00011467553164293937,0.0,0.0,0.0,0.02047523485259741,0.006089859655698396,0.022282039395835403,0.16638946766114546,0.7616715101163649,0.10350206337932848,0.042453925146816396,1.8796816090399728,1.6603331523176963,0.9272783916130194,3.4311040362495757,2.2031914362150835,2.433578024971593,2.6862438881642343
